Name,Url,G,MP,FG,FGA,FG%,3P,3PA,3P%,2P,2PA,2P%,eFG%,FT,FTA,FT%,ORB,DRB,TRB,AST,STL,BLK,TOV,PF,PTS,Pos
Alex Abrines,https://www.basketball-reference.com/players/a/abrinal01.html,75,15.1,1.5,3.9,0.395,1.1,2.9,0.38,0.4,0.9,0.443,0.54,0.5,0.6,0.848,0.3,1.2,1.5,0.4,0.5,0.1,0.3,1.7,4.7,2
Quincy Acy,https://www.basketball-reference.com/players/a/acyqu01.html,70,19.4,1.9,5.2,0.356,1.5,4.2,0.349,0.4,1,0.384,0.496,0.7,0.9,0.817,0.6,3.1,3.7,0.8,0.5,0.4,0.9,2.1,5.9,4
Steven Adams,https://www.basketball-reference.com/players/a/adamsst01.html,76,32.7,5.9,9.4,0.629,0,0,0,5.9,9.3,0.631,0.629,2.1,3.8,0.557,5.1,4,9,1.2,1.2,1,1.7,2.8,13.9,5
Bam Adebayo,https://www.basketball-reference.com/players/a/adebaba01.html,69,19.8,2.5,4.9,0.512,0,0.1,0,2.5,4.8,0.523,0.512,1.9,2.6,0.721,1.7,3.8,5.5,1.5,0.5,0.6,1,2,6.9,5
Arron Afflalo,https://www.basketball-reference.com/players/a/afflaar01.html,53,12.9,1.2,3.1,0.401,0.5,1.3,0.386,0.7,1.7,0.413,0.485,0.4,0.5,0.846,0.1,1.2,1.2,0.6,0.1,0.2,0.4,1.1,3.4,2
LaMarcus Aldridge,https://www.basketball-reference.com/players/a/aldrila01.html,75,33.5,9.2,18,0.51,0.4,1.2,0.293,8.8,16.7,0.526,0.52,4.5,5.3,0.837,3.3,5.2,8.5,2,0.6,1.2,1.5,2.2,23.1,5
Jarrett Allen,https://www.basketball-reference.com/players/a/allenja01.html,72,20,3.3,5.5,0.589,0.1,0.2,0.333,3.2,5.3,0.599,0.596,1.6,2,0.776,2,3.4,5.4,0.7,0.4,1.2,1.1,2,8.2,5
Al-Farouq Aminu,https://www.basketball-reference.com/players/a/aminual01.html,69,30,3.3,8.4,0.395,1.8,4.9,0.369,1.5,3.5,0.432,0.503,0.9,1.2,0.738,1.4,6.2,7.6,1.2,1.1,0.6,1.1,2,9.3,4
Kyle Anderson,https://www.basketball-reference.com/players/a/anderky01.html,74,26.7,3.1,5.9,0.527,0.3,0.8,0.333,2.9,5.1,0.556,0.549,1.4,2,0.712,1.1,4.2,5.4,2.7,1.6,0.8,1.3,1.5,7.9,3
Ryan Anderson,https://www.basketball-reference.com/players/a/anderry01.html,66,26.1,3.1,7.3,0.431,2,5.1,0.386,1.2,2.1,0.539,0.568,1.1,1.4,0.774,1.4,3.6,5,0.9,0.4,0.3,0.6,1.9,9.3,4
Giannis Antetokounmpo,https://www.basketball-reference.com/players/a/antetgi01.html,75,36.7,9.9,18.7,0.529,0.6,1.9,0.307,9.3,16.8,0.554,0.545,6.5,8.5,0.76,2.1,8,10,4.8,1.5,1.4,3,3.1,26.9,4
Carmelo Anthony,https://www.basketball-reference.com/players/a/anthoca01.html,78,32.1,6.1,15,0.404,2.2,6.1,0.357,3.9,8.9,0.437,0.476,1.9,2.5,0.767,0.9,4.9,5.8,1.3,0.6,0.6,1.3,2.5,16.2,4
OG Anunoby,https://www.basketball-reference.com/players/a/anunoog01.html,74,20,2.2,4.7,0.471,1,2.7,0.371,1.2,2,0.604,0.577,0.5,0.8,0.629,0.6,1.9,2.5,0.7,0.7,0.2,0.6,1.8,5.9,3
Trevor Ariza,https://www.basketball-reference.com/players/a/arizatr01.html,67,33.9,4,9.7,0.412,2.5,6.9,0.368,1.5,2.8,0.519,0.542,1.1,1.3,0.854,0.5,3.9,4.4,1.6,1.5,0.2,0.8,2,11.7,3
D.J. Augustin,https://www.basketball-reference.com/players/a/augusdj01.html,75,23.5,3.3,7.2,0.452,1.5,3.6,0.419,1.7,3.6,0.485,0.557,2.2,2.5,0.868,0.4,1.7,2.1,3.8,0.7,0,1.6,1.3,10.2,1
Dwayne Bacon,https://www.basketball-reference.com/players/b/bacondw01.html,53,13.5,1.4,3.6,0.375,0.2,0.8,0.256,1.2,2.8,0.409,0.404,0.4,0.5,0.8,0.1,2.3,2.3,0.7,0.3,0,0.4,0.9,3.3,2
Lonzo Ball,https://www.basketball-reference.com/players/b/balllo01.html,52,34.2,3.9,10.8,0.36,1.7,5.7,0.305,2.2,5.2,0.42,0.44,0.6,1.4,0.451,1.3,5.6,6.9,7.2,1.7,0.8,2.6,2.3,10.2,1
J.J. Barea,https://www.basketball-reference.com/players/b/bareajo01.html,69,23.2,4.4,10,0.439,1.7,4.5,0.367,2.7,5.5,0.499,0.522,1.2,1.5,0.784,0.2,2.7,2.9,6.3,0.5,0,2.1,1.2,11.6,1
Harrison Barnes,https://www.basketball-reference.com/players/b/barneha02.html,77,34.2,7,15.7,0.445,1.5,4.3,0.357,5.4,11.4,0.478,0.494,3.4,4.1,0.827,1,5.1,6.1,2,0.6,0.2,1.5,1.2,18.9,4
Will Barton,https://www.basketball-reference.com/players/b/bartowi01.html,81,33.1,5.7,12.7,0.452,1.9,5.2,0.37,3.8,7.5,0.51,0.528,2.2,2.8,0.805,0.9,4.2,5,4.1,1,0.6,1.8,2.1,15.7,2
Nicolas Batum,https://www.basketball-reference.com/players/b/batumni01.html,64,31,4.2,10.2,0.415,1.4,4.3,0.336,2.8,5.9,0.473,0.486,1.7,2,0.831,0.9,3.9,4.8,5.5,1,0.4,2,1.1,11.6,2
Aron Baynes,https://www.basketball-reference.com/players/b/baynear01.html,81,18.3,2.6,5.5,0.471,0,0.3,0.143,2.6,5.2,0.487,0.474,0.7,1,0.756,1.6,3.8,5.4,1.1,0.3,0.6,1,2.5,6,5
Kent Bazemore,https://www.basketball-reference.com/players/b/bazemke01.html,65,27.5,4.4,10.4,0.42,1.7,4.2,0.394,2.7,6.2,0.438,0.5,2.5,3.1,0.796,0.4,3.4,3.8,3.5,1.5,0.7,2.4,2.3,12.9,2
Bradley Beal,https://www.basketball-reference.com/players/b/bealbr01.html,82,36.3,8.3,18.1,0.46,2.4,6.5,0.375,5.9,11.6,0.507,0.527,3.6,4.5,0.793,0.7,3.7,4.4,4.5,1.2,0.4,2.6,2,22.6,2
Malik Beasley,https://www.basketball-reference.com/players/b/beaslma01.html,62,9.4,1.2,2.9,0.41,0.5,1.3,0.341,0.7,1.5,0.469,0.489,0.4,0.5,0.667,0.2,0.9,1.1,0.5,0.2,0.1,0.4,0.6,3.2,2
Michael Beasley,https://www.basketball-reference.com/players/b/beaslmi01.html,74,22.3,5.5,10.9,0.507,0.5,1.2,0.395,5.1,9.7,0.52,0.528,1.7,2.1,0.78,1.3,4.3,5.6,1.7,0.5,0.6,1.9,2,13.2,4
Marco Belinelli,https://www.basketball-reference.com/players/b/belinma01.html,80,24.3,4.2,9.5,0.442,1.9,4.9,0.377,2.4,4.6,0.511,0.539,1.9,2,0.908,0.2,1.6,1.9,1.9,0.8,0.2,1.2,1.1,12.1,2
Jordan Bell,https://www.basketball-reference.com/players/b/belljo01.html,57,14.2,2,3.2,0.627,0,0.1,0,2,3.2,0.641,0.627,0.5,0.8,0.682,1.1,2.6,3.6,1.8,0.6,1,0.9,1.6,4.6,5
Dragan Bender,https://www.basketball-reference.com/players/b/bendedr01.html,82,25.2,2.3,5.9,0.386,1.4,3.9,0.366,0.8,2,0.426,0.508,0.5,0.6,0.765,0.5,3.9,4.4,1.6,0.3,0.6,1.4,2,6.5,4
Davis Bertans,https://www.basketball-reference.com/players/b/bertada01.html,77,14.1,2.1,4.8,0.44,1.2,3.3,0.373,0.9,1.5,0.588,0.568,0.5,0.6,0.816,0.2,1.8,2,1,0.3,0.4,0.5,1.2,5.9,4
Bismack Biyombo,https://www.basketball-reference.com/players/b/biyombi01.html,82,18.2,2.2,4.3,0.52,0,0,0,2.2,4.3,0.521,0.52,1.2,1.9,0.65,1.8,4,5.7,0.8,0.3,1.2,1,1.9,5.7,5
Nemanja Bjelica,https://www.basketball-reference.com/players/b/bjeline01.html,67,20.5,2.6,5.5,0.461,1.1,2.7,0.415,1.4,2.8,0.505,0.563,0.5,0.7,0.8,0.8,3.3,4.1,1.3,0.7,0.2,0.8,2.1,6.8,4
Tarik Black,https://www.basketball-reference.com/players/b/blackta01.html,51,10.5,1.5,2.5,0.591,0,0.2,0.091,1.5,2.3,0.638,0.594,0.6,1.2,0.46,1.2,2,3.2,0.3,0.4,0.6,0.7,2.1,3.5,5
Eric Bledsoe,https://www.basketball-reference.com/players/b/bledser01.html,74,31.4,6.3,13.4,0.473,1.7,4.9,0.347,4.6,8.5,0.545,0.536,3.4,4.3,0.792,0.7,3.1,3.8,5,2,0.6,2.9,2.5,17.7,1
Bogdan Bogdanovic,https://www.basketball-reference.com/players/b/bogdabo01.html,78,27.9,4.4,9.9,0.446,1.7,4.2,0.392,2.8,5.7,0.485,0.529,1.3,1.5,0.84,0.4,2.5,2.9,3.3,0.9,0.2,1.6,2.2,11.8,2
Bojan Bogdanovic,https://www.basketball-reference.com/players/b/bogdabo02.html,80,30.8,5.1,10.7,0.474,1.9,4.8,0.402,3.1,5.8,0.534,0.565,2.2,2.6,0.868,0.4,3,3.4,1.5,0.7,0.1,1.3,1.6,14.3,3
Devin Booker,https://www.basketball-reference.com/players/b/bookede01.html,54,34.5,8.4,19.5,0.432,2.7,7.1,0.383,5.7,12.4,0.46,0.501,5.4,6.1,0.878,0.5,4,4.5,4.7,0.9,0.3,3.6,3.1,24.9,2
Trevor Booker,https://www.basketball-reference.com/players/b/booketr01.html,68,17,2.6,5,0.516,0.1,0.5,0.242,2.5,4.6,0.545,0.528,1,1.4,0.71,1.7,3,4.7,1.2,0.4,0.3,0.9,1.8,6.3,4
Dillon Brooks,https://www.basketball-reference.com/players/b/brookdi01.html,82,28.7,4.1,9.4,0.44,1.1,3.2,0.356,3,6.2,0.484,0.501,1.5,2,0.747,0.6,2.5,3.1,1.6,0.9,0.2,1.5,2.8,11,3
Jaylen Brown,https://www.basketball-reference.com/players/b/brownja02.html,70,30.7,5.3,11.5,0.465,1.7,4.4,0.395,3.6,7.1,0.507,0.54,2.1,3.3,0.644,0.9,4,4.9,1.6,1,0.4,1.8,2.6,14.5,2
Sterling Brown,https://www.basketball-reference.com/players/b/brownst02.html,54,14.4,1.5,3.8,0.4,0.6,1.7,0.352,0.9,2.1,0.439,0.478,0.4,0.4,0.875,0.5,2.1,2.6,0.5,0.6,0.2,0.5,1.5,4,2
Reggie Bullock,https://www.basketball-reference.com/players/b/bullore01.html,62,27.9,4.3,8.8,0.489,2,4.5,0.445,2.3,4.3,0.536,0.603,0.6,0.8,0.796,0.4,2,2.5,1.5,0.8,0.2,0.8,1.1,11.3,3
Alec Burks,https://www.basketball-reference.com/players/b/burksal01.html,64,16.5,2.7,6.5,0.411,0.7,2.2,0.331,1.9,4.3,0.452,0.467,1.7,1.9,0.863,0.3,2.7,3,1,0.6,0.1,0.9,1.2,7.7,2
Jimmy Butler,https://www.basketball-reference.com/players/b/butleji01.html,59,36.7,7.4,15.6,0.474,1.2,3.4,0.35,6.2,12.2,0.509,0.512,6.2,7.2,0.854,1.3,4,5.3,4.9,2,0.4,1.8,1.3,22.2,2
Jose Calderon,https://www.basketball-reference.com/players/c/caldejo01.html,57,16,1.6,3.2,0.503,0.8,1.7,0.464,0.8,1.5,0.545,0.624,0.4,0.5,0.8,0.2,1.2,1.5,2.1,0.5,0,0.7,1.4,4.5,1
Kentavious Caldwell-Pope,https://www.basketball-reference.com/players/c/caldwke01.html,74,33.2,4.6,10.8,0.426,2.1,5.6,0.383,2.4,5.2,0.473,0.526,2.1,2.6,0.789,0.8,4.4,5.2,2.2,1.4,0.2,1.3,2,13.4,2
Clint Capela,https://www.basketball-reference.com/players/c/capelca01.html,74,27.5,6,9.1,0.652,0,0,0,6,9.1,0.653,0.652,1.9,3.5,0.56,3.3,7.6,10.8,0.9,0.8,1.9,1.4,2.5,13.9,5
DeMarre Carroll,https://www.basketball-reference.com/players/c/carrode01.html,73,29.9,4.5,10.8,0.414,2,5.4,0.371,2.5,5.4,0.457,0.506,2.6,3.4,0.764,1.4,5.1,6.6,2,0.8,0.4,1.4,2.3,13.5,3
Vince Carter,https://www.basketball-reference.com/players/c/cartevi01.html,58,17.7,2,4.9,0.403,1,2.8,0.345,1,2,0.483,0.504,0.5,0.6,0.757,0.3,2.2,2.6,1.2,0.7,0.4,0.6,1.7,5.4,3
Michael Carter-Williams,https://www.basketball-reference.com/players/c/cartemi01.html,52,16.1,1.5,4.4,0.332,0.3,1.1,0.237,1.2,3.3,0.365,0.362,1.4,1.7,0.82,0.7,1.9,2.7,2.2,0.8,0.4,1,1.9,4.6,1
Omri Casspi,https://www.basketball-reference.com/players/c/casspom01.html,53,14,2.3,3.9,0.58,0.2,0.4,0.455,2.1,3.5,0.595,0.604,0.9,1.3,0.725,0.6,3.2,3.8,1,0.3,0.4,0.7,1.3,5.7,3
Willie Cauley-Stein,https://www.basketball-reference.com/players/c/caulewi01.html,73,28,5.3,10.6,0.502,0,0.2,0.25,5.3,10.4,0.506,0.504,2.1,3.4,0.619,1.8,5.2,7,2.4,1.1,0.9,1.5,2.5,12.8,5
Mario Chalmers,https://www.basketball-reference.com/players/c/chalmma01.html,66,21.5,2.5,6.7,0.379,0.8,2.9,0.277,1.7,3.8,0.456,0.439,1.8,2.1,0.855,0.2,2.2,2.4,3,1.2,0.2,1.8,2.7,7.7,1
Wilson Chandler,https://www.basketball-reference.com/players/c/chandwi01.html,74,31.7,3.8,8.5,0.445,1.2,3.3,0.358,2.6,5.2,0.501,0.515,1.2,1.5,0.772,1.4,4,5.4,2.2,0.6,0.5,1.2,2.1,10,3
Marquese Chriss,https://www.basketball-reference.com/players/c/chrisma01.html,72,21.2,2.8,6.6,0.423,0.8,2.6,0.295,2,4,0.509,0.482,1.3,2.2,0.608,1.1,4.4,5.5,1.2,0.7,1,1.5,2.8,7.7,4
Ian Clark,https://www.basketball-reference.com/players/c/clarkia01.html,74,19.7,3,6.7,0.448,0.8,2.6,0.318,2.2,4.1,0.533,0.511,0.6,0.8,0.763,0.1,1.6,1.7,1.5,0.4,0.1,0.8,1.6,7.4,2
Jordan Clarkson,https://www.basketball-reference.com/players/c/clarkjo01.html,81,23.3,5.3,11.8,0.451,1.4,3.9,0.352,3.9,7.9,0.5,0.509,1.9,2.3,0.8,0.7,2,2.7,2.7,0.7,0.1,1.6,1.3,13.9,2
John Collins,https://www.basketball-reference.com/players/c/collijo01.html,74,24.1,4.2,7.4,0.576,0.2,0.6,0.34,4,6.7,0.598,0.591,1.8,2.5,0.715,2.4,4.9,7.3,1.3,0.6,1.1,1.4,2.9,10.5,4
Zach Collins,https://www.basketball-reference.com/players/c/colliza01.html,66,15.8,1.7,4.4,0.398,0.5,1.7,0.31,1.2,2.7,0.455,0.458,0.4,0.6,0.643,0.7,2.7,3.3,0.8,0.3,0.5,0.9,2,4.4,5
Darren Collison,https://www.basketball-reference.com/players/c/collida01.html,69,29.2,4.6,9.2,0.495,1.4,3,0.468,3.2,6.3,0.508,0.571,1.8,2.1,0.882,0.5,2,2.6,5.3,1.3,0.2,1.2,1.8,12.4,1
Pat Connaughton,https://www.basketball-reference.com/players/c/connapa01.html,82,18.1,2,4.8,0.423,0.9,2.6,0.352,1.1,2.2,0.506,0.518,0.5,0.5,0.841,0.4,1.5,2,1.1,0.3,0.3,0.5,1.5,5.4,2
Robert Covington,https://www.basketball-reference.com/players/c/covinro01.html,80,31.7,4.3,10.5,0.413,2.5,6.9,0.369,1.8,3.6,0.497,0.534,1.5,1.7,0.853,0.7,4.7,5.4,2,1.7,0.9,1.6,3,12.6,3
Allen Crabbe,https://www.basketball-reference.com/players/c/crabbal01.html,75,29.3,4.5,11,0.407,2.7,7.1,0.378,1.8,3.9,0.461,0.529,1.5,1.8,0.852,0.4,3.9,4.3,1.6,0.6,0.5,1,2.2,13.2,2
Jamal Crawford,https://www.basketball-reference.com/players/c/crawfja01.html,80,20.7,3.9,9.3,0.415,1.3,3.9,0.331,2.6,5.4,0.477,0.485,1.3,1.4,0.903,0.3,1,1.2,2.3,0.5,0.1,1.2,1.1,10.3,2
Jae Crowder,https://www.basketball-reference.com/players/c/crowdja01.html,80,26.1,3.4,8.4,0.404,1.4,4.3,0.323,2,4.1,0.488,0.486,1.5,1.9,0.818,0.7,2.7,3.4,1.2,0.8,0.3,0.9,2.3,9.7,3
Dante Cunningham,https://www.basketball-reference.com/players/c/cunnida01.html,73,21.4,2.2,5,0.451,0.8,2.3,0.345,1.5,2.7,0.541,0.53,0.4,0.7,0.596,1.1,3,4.1,0.7,0.5,0.4,0.5,1.5,5.7,3
Stephen Curry,https://www.basketball-reference.com/players/c/curryst01.html,51,32,8.4,16.9,0.495,4.2,9.8,0.423,4.2,7.1,0.595,0.618,5.5,5.9,0.921,0.7,4.4,5.1,6.1,1.6,0.2,3,2.2,26.4,1
Troy Daniels,https://www.basketball-reference.com/players/d/danietr01.html,79,20.5,2.9,7.3,0.403,2.3,5.8,0.4,0.6,1.5,0.419,0.563,0.7,0.8,0.875,0.2,1.5,1.6,0.6,0.3,0.1,0.7,1.7,8.9,2
Anthony Davis,https://www.basketball-reference.com/players/d/davisan02.html,75,36.4,10.4,19.5,0.534,0.7,2.2,0.34,9.7,17.3,0.558,0.552,6.6,8,0.828,2.5,8.6,11.1,2.3,1.5,2.6,2.2,2.1,28.1,4
Ed Davis,https://www.basketball-reference.com/players/d/davised01.html,78,18.9,2.2,3.7,0.582,0,0,0,2.2,3.7,0.584,0.582,0.9,1.4,0.667,2.3,5,7.4,0.5,0.4,0.7,0.8,2.4,5.3,5
Dewayne Dedmon,https://www.basketball-reference.com/players/d/dedmode01.html,62,24.9,4,7.7,0.524,0.8,2.3,0.355,3.2,5.4,0.595,0.577,1.1,1.4,0.779,1.6,6.3,7.9,1.5,0.6,0.8,1.4,2.6,10,5
Sam Dekker,https://www.basketball-reference.com/players/d/dekkesa01.html,73,12.1,1.8,3.5,0.494,0.1,0.8,0.167,1.6,2.7,0.593,0.514,0.5,0.8,0.661,0.6,1.8,2.4,0.5,0.3,0.1,0.5,1,4.2,4
Malcolm Delaney,https://www.basketball-reference.com/players/d/delanma01.html,54,18.8,2,5.3,0.382,0.9,2.3,0.371,1.2,3,0.391,0.463,1.4,1.7,0.804,0.2,1.7,1.9,3,0.6,0.1,1.2,1.5,6.3,1
DeMar DeRozan,https://www.basketball-reference.com/players/d/derozde01.html,80,33.9,8.1,17.7,0.456,1.1,3.6,0.312,7,14.1,0.493,0.488,5.8,7,0.825,0.7,3.2,3.9,5.2,1.1,0.3,2.2,1.9,23,2
Gorgui Dieng,https://www.basketball-reference.com/players/d/dienggo01.html,79,16.9,2.4,4.9,0.479,0.2,0.8,0.311,2.1,4.1,0.511,0.504,1,1.3,0.775,1.3,3.2,4.6,0.9,0.6,0.5,0.7,1.9,5.9,5
Spencer Dinwiddie,https://www.basketball-reference.com/players/d/dinwisp01.html,80,28.8,4.1,10.5,0.387,1.8,5.4,0.326,2.3,5.1,0.452,0.471,2.7,3.4,0.813,0.5,2.7,3.2,6.6,0.9,0.3,1.6,2.3,12.6,1
Tyler Dorsey,https://www.basketball-reference.com/players/d/dorsety01.html,56,17.4,2.6,6.8,0.377,1.3,3.6,0.362,1.3,3.3,0.393,0.471,0.8,1.1,0.714,0.3,2,2.3,1.4,0.3,0.1,0.7,1.1,7.2,2
Goran Dragic,https://www.basketball-reference.com/players/d/dragigo01.html,75,31.7,6.5,14.3,0.45,1.5,4,0.37,5,10.3,0.481,0.502,2.9,3.6,0.801,0.7,3.4,4.1,4.8,0.8,0.2,2.2,2.4,17.3,1
Jared Dudley,https://www.basketball-reference.com/players/d/drumman01.html,78,33.7,6,11.3,0.529,0,0.1,0,6,11.2,0.536,0.529,3.1,5.1,0.605,5.1,10.9,16,3,1.5,1.6,2.6,3.2,15,5
Kevin Durant,https://www.basketball-reference.com/players/d/dunnkr01.html,52,29.3,5.5,12.8,0.429,0.8,2.6,0.321,4.7,10.2,0.457,0.462,1.6,2.2,0.73,0.5,3.8,4.3,6,2,0.5,2.9,3.4,13.4,1
Wayne Ellington,https://www.basketball-reference.com/players/e/ellinwa01.html,77,26.5,3.7,9.1,0.407,2.9,7.5,0.392,0.8,1.6,0.479,0.569,0.9,1,0.859,0.3,2.5,2.8,1,0.7,0.1,0.7,1.2,11.2,2
Joel Embiid,https://www.basketball-reference.com/players/e/embiijo01.html,63,30.3,8.1,16.8,0.483,1,3.4,0.308,7,13.4,0.527,0.514,5.7,7.4,0.769,2.3,8.7,11,3.2,0.6,1.8,3.7,3.3,22.9,5
James Ennis,https://www.basketball-reference.com/players/e/ennisja01.html,72,22.3,2.5,5.3,0.474,0.7,2.1,0.333,1.8,3.2,0.567,0.54,1.3,1.6,0.836,1,2.1,3.1,1,0.7,0.3,0.8,1.9,7.1,3
Tyler Ennis,https://www.basketball-reference.com/players/e/ennisty01.html,54,12.6,1.7,4.1,0.42,0.3,1,0.25,1.5,3.1,0.476,0.451,0.4,0.5,0.759,0.4,1.4,1.8,1.9,0.6,0.2,0.7,1.4,4.1,1
Tyreke Evans,https://www.basketball-reference.com/players/e/evansty01.html,52,30.9,7,15.6,0.452,2.2,5.5,0.399,4.8,10.1,0.482,0.523,3.2,4,0.785,0.8,4.3,5.1,5.2,1.1,0.3,2.3,1.8,19.4,1
Derrick Favors,https://www.basketball-reference.com/players/f/favorde01.html,77,28,5.1,9.1,0.563,0.2,0.8,0.222,4.9,8.3,0.596,0.573,1.8,2.8,0.651,2.6,4.6,7.2,1.3,0.7,1.1,1.1,2.1,12.3,5
Cristiano Felicio,https://www.basketball-reference.com/players/f/feliccr01.html,55,17.8,2.3,3.9,0.591,0,0,0,2.3,3.9,0.596,0.591,1,1.5,0.667,1.5,2.7,4.2,1,0.3,0.2,1,1.9,5.6,5
Raymond Felton,https://www.basketball-reference.com/players/f/feltora01.html,82,16.6,2.7,6.7,0.406,1,2.8,0.352,1.7,3.9,0.444,0.479,0.4,0.5,0.818,0.3,1.6,1.9,2.5,0.6,0.2,0.9,1.1,6.9,1
Terrance Ferguson,https://www.basketball-reference.com/players/f/fergute01.html,61,12.5,1.1,2.8,0.414,0.7,2,0.333,0.5,0.8,0.612,0.533,0.1,0.2,0.9,0.3,0.5,0.8,0.3,0.4,0.2,0.2,1.4,3.1,2
Yogi Ferrell,https://www.basketball-reference.com/players/f/ferreyo01.html,82,27.8,3.8,8.9,0.426,1.6,4.4,0.373,2.2,4.5,0.477,0.518,1,1.3,0.796,0.3,2.7,3,2.5,0.8,0.1,1,1.9,10.2,2
Bryn Forbes,https://www.basketball-reference.com/players/f/forbebr01.html,80,19,2.6,6.2,0.421,1.1,2.9,0.39,1.5,3.4,0.446,0.51,0.6,0.9,0.667,0.2,1.2,1.4,1,0.4,0,0.5,1.4,6.9,2
Evan Fournier,https://www.basketball-reference.com/players/f/fournev01.html,57,32.2,6.5,14.1,0.459,2.2,5.9,0.379,4.2,8.2,0.516,0.538,2.6,3,0.867,0.4,2.8,3.2,2.9,0.8,0.3,1.7,2.4,17.8,3
De'Aaron Fox,https://www.basketball-reference.com/players/f/foxde01.html,73,27.8,4.5,10.9,0.412,0.6,2.1,0.307,3.8,8.8,0.436,0.441,1.9,2.7,0.723,0.5,2.3,2.8,4.4,1,0.3,2.4,2.2,11.6,1
Tim Frazier,https://www.basketball-reference.com/players/f/fraziti01.html,59,14.2,1.2,2.9,0.395,0.3,0.9,0.304,0.9,2,0.44,0.445,0.4,0.5,0.767,0.3,1.6,1.9,3.3,0.8,0.1,1,1.6,3,1
Channing Frye,https://www.basketball-reference.com/players/f/fryech01.html,53,13.1,2,4,0.491,0.7,2.2,0.339,1.2,1.8,0.67,0.583,0.3,0.4,0.895,0.2,2.3,2.5,0.7,0.3,0.2,0.4,1.3,5,5
Langston Galloway,https://www.basketball-reference.com/players/g/gallola01.html,58,14.9,2.2,5.9,0.371,1.3,3.8,0.344,0.9,2.1,0.418,0.481,0.6,0.7,0.805,0.2,1.4,1.6,1,0.6,0.1,0.3,0.7,6.2,2
Marc Gasol,https://www.basketball-reference.com/players/g/gasolma01.html,73,33,5.9,14.2,0.42,1.5,4.4,0.341,4.5,9.8,0.456,0.473,3.8,4.6,0.834,1.1,7,8.1,4.2,0.7,1.4,2.7,2.5,17.2,5
Pau Gasol,https://www.basketball-reference.com/players/g/gasolpa01.html,77,23.5,3.7,8.1,0.458,0.6,1.6,0.358,3.2,6.6,0.481,0.492,2.1,2.7,0.756,1.7,6.4,8,3.1,0.3,1,1.4,1.6,10.1,5
Rudy Gay,https://www.basketball-reference.com/players/g/gayru01.html,57,21.6,4.4,9.4,0.471,0.6,2.1,0.314,3.8,7.4,0.516,0.506,2,2.5,0.772,1.3,3.8,5.1,1.3,0.8,0.7,1.4,1.7,11.5,4
Paul George,https://www.basketball-reference.com/players/g/georgpa01.html,79,36.6,7.3,16.9,0.43,3.1,7.7,0.401,4.2,9.3,0.454,0.521,4.3,5.2,0.82,0.9,4.7,5.7,3.3,2,0.5,2.7,2.9,21.9,3
Taj Gibson,https://www.basketball-reference.com/players/g/gibsota01.html,82,33.2,5.2,9,0.577,0.1,0.4,0.2,5.1,8.6,0.595,0.581,1.7,2.3,0.768,2.4,4.8,7.1,1.2,0.8,0.7,1.1,2.7,12.2,4
Manu Ginobili,https://www.basketball-reference.com/players/g/ginobma01.html,65,20,3.1,7.1,0.434,1,3,0.333,2.1,4.2,0.506,0.503,1.7,2,0.84,0.3,1.9,2.2,2.5,0.7,0.2,1.6,1.9,8.9,2
Aaron Gordon,https://www.basketball-reference.com/players/g/gordoaa01.html,58,32.9,6.5,14.9,0.434,2,5.9,0.336,4.5,9,0.497,0.5,2.7,3.9,0.698,1.5,6.4,7.9,2.3,1,0.8,1.8,1.9,17.6,4
Eric Gordon,https://www.basketball-reference.com/players/g/gordoer01.html,69,31.2,6,14.1,0.428,3.2,8.8,0.359,2.9,5.2,0.544,0.54,2.8,3.5,0.809,0.4,2.1,2.5,2.2,0.6,0.4,1.9,1.7,18,2
Treveon Graham,https://www.basketball-reference.com/players/g/grahatr01.html,63,16.7,1.5,3.5,0.434,0.6,1.5,0.412,0.9,2,0.452,0.525,0.7,0.9,0.695,0.7,1.3,1.9,0.9,0.5,0,0.4,1.7,4.3,2
Jerami Grant,https://www.basketball-reference.com/players/g/grantje01.html,81,20.3,3,5.6,0.535,0.4,1.4,0.291,2.6,4.3,0.613,0.57,2,3,0.675,1.1,2.9,3.9,0.7,0.4,1,0.7,1.9,8.4,4
Jerian Grant,https://www.basketball-reference.com/players/g/grantje02.html,74,22.8,2.8,6.8,0.415,0.8,2.5,0.324,2,4.3,0.468,0.475,1.9,2.5,0.745,0.4,1.9,2.3,4.6,0.9,0.1,1.2,1.8,8.4,1
Danny Green,https://www.basketball-reference.com/players/g/greenda02.html,70,25.6,3.1,8,0.387,1.7,4.6,0.363,1.4,3.4,0.419,0.49,0.7,0.9,0.769,0.6,3,3.6,1.6,0.9,1.1,1.1,1.7,8.6,2
Draymond Green,https://www.basketball-reference.com/players/g/greendr01.html,70,32.7,4,8.8,0.454,1.1,3.7,0.301,2.9,5.2,0.562,0.516,1.9,2.5,0.775,1.1,6.6,7.6,7.3,1.4,1.3,2.9,2.6,11,4
JaMychal Green,https://www.basketball-reference.com/players/g/greenja01.html,55,28,4.1,8.9,0.457,0.8,2.3,0.339,3.3,6.6,0.499,0.501,1.5,2,0.721,2.7,5.8,8.4,1.4,0.6,0.5,1.4,2.8,10.3,4
Jeff Green,https://www.basketball-reference.com/players/g/greenje02.html,78,23.4,3.8,7.9,0.477,0.7,2.2,0.312,3.1,5.7,0.54,0.52,2.6,3,0.868,0.8,2.4,3.2,1.3,0.5,0.4,1,1.9,10.8,4
Blake Griffin,https://www.basketball-reference.com/players/g/griffbl01.html,58,34,7.5,17.2,0.438,1.9,5.6,0.345,5.6,11.6,0.482,0.493,4.5,5.7,0.785,1.3,6.1,7.4,5.8,0.7,0.3,2.8,2.4,21.4,4
James Harden,https://www.basketball-reference.com/players/h/hardati02.html,57,33.1,6.3,15,0.421,2.3,7.2,0.317,4,7.8,0.516,0.496,2.6,3.1,0.816,0.6,3.4,3.9,2.7,1.1,0.2,1.6,2.2,17.5,2
Maurice Harkless,https://www.basketball-reference.com/players/h/hardeja01.html,72,35.4,9,20.1,0.449,3.7,10,0.367,5.4,10.1,0.531,0.541,8.7,10.1,0.858,0.6,4.8,5.4,8.8,1.8,0.7,4.4,2.3,30.4,2
Montrezl Harrell,https://www.basketball-reference.com/players/h/harklma01.html,59,21.4,2.5,5,0.495,0.8,2,0.415,1.7,3,0.547,0.577,0.7,1,0.712,0.8,2,2.7,0.9,0.8,0.7,0.7,1.7,6.5,3
Devin Harris,https://www.basketball-reference.com/players/h/harremo01.html,76,17,4.6,7.2,0.635,0,0.1,0.143,4.6,7.1,0.641,0.636,1.8,2.9,0.626,1.4,2.7,4,1,0.5,0.7,0.9,1.9,11,5
Gary Harris,https://www.basketball-reference.com/players/h/harride01.html,71,18.9,2.6,6.4,0.412,1.1,3.2,0.348,1.5,3.2,0.476,0.499,2,2.4,0.835,0.2,1.6,1.8,2.1,0.7,0.2,1.1,2.2,8.4,1
Joe Harris,https://www.basketball-reference.com/players/h/harriga01.html,67,34.4,6.6,13.6,0.485,2.3,5.9,0.396,4.2,7.7,0.553,0.57,2,2.4,0.827,0.6,2.1,2.6,2.9,1.8,0.2,1.8,1.8,17.5,2
Tobias Harris,https://www.basketball-reference.com/players/h/harrijo01.html,78,25.3,3.9,8,0.491,1.9,4.6,0.419,2,3.4,0.589,0.612,1.1,1.3,0.827,0.7,2.7,3.3,1.6,0.4,0.3,1.2,2,10.8,2
Aaron Harrison,https://www.basketball-reference.com/players/h/harrito02.html,80,33.4,7,15.3,0.46,2.3,5.6,0.411,4.7,9.7,0.488,0.535,2.2,2.7,0.829,0.7,4.7,5.5,2.4,0.9,0.4,1.3,2.1,18.6,4
Shaquille Harrison,https://www.basketball-reference.com/players/h/harrian01.html,56,23.7,3.2,7.7,0.422,0.8,2.5,0.331,2.4,5.1,0.467,0.477,2.2,2.8,0.78,0.4,1.9,2.3,3.2,0.7,0.5,1.4,2.5,9.5,1
Udonis Haslem,https://www.basketball-reference.com/players/h/hartjo01.html,63,23.2,2.8,6,0.469,1.2,3.1,0.396,1.6,2.8,0.551,0.573,1,1.5,0.702,0.7,3.5,4.2,1.3,0.7,0.3,0.7,1.7,7.9,2
Juan Hernangomez,https://www.basketball-reference.com/players/h/hensojo01.html,76,25.9,3.8,6.6,0.572,0,0.1,0.143,3.8,6.5,0.578,0.573,1.2,2.1,0.57,2,4.8,6.8,1.5,0.6,1.4,1.1,2.7,8.8,5
Isaiah Hicks,https://www.basketball-reference.com/players/h/hezonma01.html,75,22.1,3.6,8.2,0.442,1.2,3.6,0.337,2.4,4.7,0.523,0.515,1.1,1.4,0.819,0.5,3.2,3.7,1.4,1.1,0.4,1.1,1.8,9.6,3
Nene Hilario,https://www.basketball-reference.com/players/h/hieldbu01.html,80,25.3,5.2,11.7,0.446,2.2,5.1,0.431,3,6.6,0.457,0.54,0.9,1,0.877,0.7,3.2,3.8,1.9,1.1,0.3,1.6,1.9,13.5,2
George Hill,https://www.basketball-reference.com/players/h/hilarne01.html,52,14.6,2.6,4.6,0.569,0,0,0,2.6,4.6,0.574,0.569,1.3,2.1,0.636,1,2.3,3.4,0.9,0.5,0.3,0.7,2.4,6.5,5
Solomon Hill,https://www.basketball-reference.com/players/h/hillge01.html,67,27,3.5,7.7,0.46,1.3,3.1,0.415,2.3,4.6,0.49,0.543,1.6,2.1,0.786,0.6,2.1,2.7,2.8,0.9,0.4,1.3,1.9,10,1
Justin Holiday,https://www.basketball-reference.com/players/h/holidjr01.html,81,36.1,7.6,15.4,0.494,1.5,4.4,0.337,6.1,11,0.557,0.543,2.3,2.9,0.786,0.8,3.7,4.5,6,1.5,0.8,2.6,2.5,19,2
John Holland,https://www.basketball-reference.com/players/h/holidju01.html,72,31.5,4,10.9,0.371,2.2,6.2,0.359,1.8,4.6,0.387,0.474,1.9,2.3,0.823,0.4,3.6,4,2.1,1.1,0.4,1.3,1.9,12.2,2
Richaun Holmes,https://www.basketball-reference.com/players/h/holliro01.html,68,28.2,5,10.6,0.472,0.2,0.8,0.241,4.8,9.9,0.491,0.481,3.7,4.6,0.788,1.5,5.3,6.8,2.5,1,0.7,1.8,2.1,13.9,3
Scotty Hopson,https://www.basketball-reference.com/players/h/hoodro01.html,60,26.9,5.4,12.5,0.429,2.1,5.6,0.381,3.3,7,0.467,0.513,1.9,2.2,0.86,0.4,2.4,2.8,1.6,0.8,0.2,1.2,1.8,14.7,2
Danuel House,https://www.basketball-reference.com/players/h/horfoal01.html,72,31.6,5.1,10.5,0.489,1.3,3.1,0.429,3.8,7.3,0.514,0.553,1.3,1.7,0.783,1.4,5.9,7.4,4.7,0.6,1.1,1.8,1.9,12.9,5
Josh Huestis,https://www.basketball-reference.com/players/h/howardw01.html,81,30.4,6.2,11.2,0.555,0,0.1,0.143,6.2,11.2,0.559,0.556,4.1,7.2,0.574,3.1,9.3,12.5,1.3,0.6,1.6,2.6,3.1,16.6,5
R.J. Hunter,https://www.basketball-reference.com/players/h/huestjo01.html,69,14.2,0.9,2.6,0.33,0.5,1.7,0.287,0.4,1,0.403,0.42,0.1,0.3,0.3,0.6,1.7,2.3,0.3,0.2,0.6,0.4,1.2,2.3,4
Serge Ibaka,https://www.basketball-reference.com/players/i/ibakase01.html,76,27.5,5,10.3,0.483,1.4,3.9,0.36,3.6,6.4,0.559,0.552,1.2,1.6,0.797,1,5.3,6.3,0.8,0.4,1.3,1.2,2.8,12.6,4
Andre Iguodala,https://www.basketball-reference.com/players/i/iguodan01.html,64,25.3,2.3,5,0.463,0.5,1.8,0.282,1.8,3.2,0.567,0.514,0.9,1.4,0.632,0.8,3.1,3.8,3.3,0.8,0.6,1,1.5,6,3
Ersan Ilyasova,https://www.basketball-reference.com/players/i/ilyaser01.html,69,25.1,4,8.9,0.452,1.3,3.7,0.36,2.7,5.2,0.517,0.526,1.5,2,0.778,1.7,4.2,5.9,1.3,0.9,0.4,1,2.3,10.9,4
Joe Ingles,https://www.basketball-reference.com/players/i/inglejo01.html,82,31.4,4.1,8.8,0.467,2.5,5.7,0.44,1.6,3.1,0.516,0.609,0.8,1,0.795,0.3,3.9,4.2,4.8,1.1,0.2,1.9,2.2,11.5,3
Brandon Ingram,https://www.basketball-reference.com/players/i/ingrabr01.html,59,33.5,6.1,12.9,0.47,0.7,1.8,0.39,5.4,11.1,0.483,0.497,3.3,4.8,0.681,1,4.4,5.3,3.9,0.8,0.7,2.5,2.8,16.1,3
Kyrie Irving,https://www.basketball-reference.com/players/i/irvinky01.html,60,32.2,8.9,18.1,0.491,2.8,6.8,0.408,6.1,11.3,0.541,0.568,3.9,4.4,0.889,0.6,3.2,3.8,5.1,1.1,0.3,2.3,2,24.4,1
Wesley Iwundu,https://www.basketball-reference.com/players/i/iwundwe01.html,62,16.5,1.5,3.5,0.427,0.1,0.7,0.196,1.4,2.8,0.488,0.447,0.5,0.8,0.723,0.6,1.6,2.2,0.9,0.5,0.2,0.5,1.3,3.7,3
Jarrett Jack,https://www.basketball-reference.com/players/j/jackja01.html,62,25,3,7.1,0.427,0.4,1.4,0.291,2.6,5.8,0.459,0.455,1,1.2,0.84,0.4,2.7,3.1,5.6,0.6,0.1,1.9,1.6,7.5,1
Josh Jackson,https://www.basketball-reference.com/players/j/jacksjo02.html,77,25.4,5.1,12.1,0.417,0.7,2.8,0.263,4.3,9.3,0.464,0.448,2.3,3.6,0.634,1.2,3.3,4.6,1.5,1,0.5,1.9,2.8,13.1,3
Justin Jackson,https://www.basketball-reference.com/players/j/jacksju01.html,68,22.1,2.7,6.2,0.442,0.8,2.7,0.308,1.9,3.4,0.547,0.51,0.4,0.5,0.722,0.4,2.4,2.8,1.1,0.4,0.2,0.6,1.2,6.7,3
LeBron James,https://www.basketball-reference.com/players/j/jamesle01.html,82,36.9,10.5,19.3,0.542,1.8,5,0.367,8.6,14.3,0.603,0.59,4.7,6.5,0.731,1.2,7.5,8.6,9.1,1.4,0.9,4.2,1.6,27.5,4
Amir Johnson,https://www.basketball-reference.com/players/j/jerebjo01.html,74,15.3,2.1,4.6,0.466,0.9,2.1,0.414,1.3,2.5,0.511,0.562,0.6,0.8,0.807,0.7,2.6,3.3,0.6,0.3,0.2,0.4,1.7,5.8,4
Brice Johnson,https://www.basketball-reference.com/players/j/johnsam01.html,74,15.8,1.9,3.5,0.538,0.1,0.4,0.313,1.8,3.1,0.57,0.558,0.7,1.1,0.612,1.7,2.8,4.5,1.6,0.6,0.6,0.7,2.6,4.6,5
Joe Johnson,https://www.basketball-reference.com/players/j/johnsja01.html,73,26.6,4.2,8.4,0.503,0.8,2.5,0.308,3.5,5.9,0.587,0.55,1.5,2.2,0.698,0.8,4.1,4.9,3.8,1,0.7,1.9,2.6,10.8,4
Omari Johnson,https://www.basketball-reference.com/players/j/johnsjo02.html,55,21.9,2.7,6.5,0.406,0.7,2.6,0.276,1.9,3.9,0.493,0.461,0.7,0.8,0.889,0.3,2.9,3.1,1.5,0.3,0.1,0.9,1.2,6.8,3
Tyler Johnson,https://www.basketball-reference.com/players/j/johnsst04.html,69,27.4,3,8.1,0.375,1,3.4,0.286,2.1,4.7,0.439,0.435,1.6,2.1,0.772,0.5,3.2,3.7,1.6,1.4,0.2,1.1,2.4,8.7,3
Wesley Johnson,https://www.basketball-reference.com/players/j/johnsty01.html,72,28.5,4.3,9.9,0.435,1.7,4.5,0.367,2.6,5.4,0.491,0.518,1.5,1.8,0.822,0.5,3,3.4,2.3,0.8,0.5,1.1,2.1,11.7,1
Nikola Jokic,https://www.basketball-reference.com/players/j/johnswe01.html,74,20.1,2,5,0.408,0.8,2.4,0.339,1.2,2.6,0.471,0.489,0.6,0.8,0.741,0.4,2.5,2.9,0.8,1,0.8,0.7,2,5.4,3
Damian Jones,https://www.basketball-reference.com/players/j/jokicni01.html,75,32.6,6.7,13.5,0.499,1.5,3.7,0.396,5.2,9.7,0.538,0.554,3.5,4.2,0.85,2.6,8.1,10.7,6.1,1.2,0.8,2.8,2.8,18.5,5
DeAndre Jordan,https://www.basketball-reference.com/players/j/jonesty01.html,82,17.9,1.8,4,0.457,0.5,1.6,0.349,1.3,2.4,0.528,0.526,0.9,1,0.877,0.2,1.4,1.6,2.8,1.2,0.1,0.7,1.3,5.1,1
Frank Kaminsky,https://www.basketball-reference.com/players/k/kaminfr01.html,79,23.2,3.9,9.1,0.429,1.3,3.5,0.38,2.6,5.6,0.459,0.501,2,2.5,0.799,0.6,3.1,3.6,1.6,0.5,0.2,0.8,1.2,11.1,4
Enes Kanter,https://www.basketball-reference.com/players/k/kanteen01.html,71,25.8,5.9,10,0.592,0,0,0,5.9,10,0.594,0.592,2.2,2.6,0.848,3.8,7.1,11,1.5,0.5,0.5,1.7,2.6,14.1,5
Luke Kennard,https://www.basketball-reference.com/players/k/kennalu01.html,73,20,2.8,6.4,0.443,1.1,2.7,0.415,1.7,3.7,0.463,0.53,0.9,1,0.855,0.3,2.1,2.4,1.7,0.6,0.2,0.9,1.2,7.6,2
Michael Kidd-Gilchrist,https://www.basketball-reference.com/players/k/kiddgmi01.html,74,25,3.8,7.6,0.504,0,0,0,3.8,7.5,0.505,0.504,1.6,2.3,0.684,1.1,2.9,4.1,1,0.7,0.4,0.7,1.9,9.2,3
Sean Kilpatrick,https://www.basketball-reference.com/players/k/kilpase01.html,52,12.3,2.1,5.7,0.374,0.9,2.8,0.319,1.2,2.9,0.427,0.452,1.2,1.4,0.889,0.1,1.6,1.7,0.9,0.3,0.1,0.7,0.6,6.3,2
Maxi Kleber,https://www.basketball-reference.com/players/k/klebima01.html,72,16.8,2.1,4.3,0.489,0.6,1.8,0.313,1.5,2.5,0.613,0.553,0.6,0.8,0.746,1,2.3,3.3,0.7,0.4,0.7,0.4,1.6,5.4,4
Kyle Korver,https://www.basketball-reference.com/players/k/korveky01.html,73,21.6,3,6.6,0.459,2.2,5.2,0.436,0.8,1.5,0.537,0.628,0.9,1,0.889,0.1,2.1,2.3,1.2,0.4,0.4,0.8,1.8,9.2,2
Kyle Kuzma,https://www.basketball-reference.com/players/k/kuzmaky01.html,77,31.2,6.1,13.5,0.45,2.1,5.6,0.366,4,7.9,0.511,0.527,1.9,2.7,0.707,1.1,5.1,6.3,1.8,0.6,0.4,1.8,2.1,16.1,4
Skal Labissiere,https://www.basketball-reference.com/players/l/labissk01.html,60,20.7,3.4,7.6,0.448,0.3,0.9,0.353,3.1,6.8,0.459,0.467,1.6,2,0.805,1.7,3.2,4.8,1.2,0.4,0.8,1.2,2.2,8.7,4
Jeremy Lamb,https://www.basketball-reference.com/players/l/lambje01.html,80,24.6,4.8,10.4,0.457,1.2,3.2,0.37,3.6,7.2,0.495,0.513,2.2,2.6,0.861,0.6,3.4,4.1,2.3,0.8,0.4,1.2,1.7,12.9,2
Shane Larkin,https://www.basketball-reference.com/players/l/larkish01.html,54,14.4,1.6,4.1,0.384,0.6,1.6,0.36,1,2.5,0.398,0.454,0.6,0.7,0.865,0.3,1.4,1.7,1.8,0.5,0.1,0.6,1.1,4.3,1
Joffrey Lauvergne,https://www.basketball-reference.com/players/l/lauvejo01.html,55,9.7,1.8,3.5,0.516,0,0.1,0,1.8,3.4,0.53,0.516,0.5,0.9,0.638,1.1,2,3.1,0.7,0.2,0.1,0.6,0.8,4.1,5
T.J. Leaf,https://www.basketball-reference.com/players/l/leaftj01.html,53,8.7,1.2,2.6,0.471,0.3,0.8,0.429,0.9,1.8,0.489,0.537,0.2,0.3,0.625,0.5,1,1.5,0.2,0.1,0.1,0.2,0.8,2.9,4
Courtney Lee,https://www.basketball-reference.com/players/l/leeco01.html,76,30.4,4.5,9.9,0.454,1.5,3.7,0.406,3,6.3,0.482,0.529,1.5,1.6,0.919,0.4,2.6,2.9,2.4,1.1,0.2,1.1,1.4,12,2
Alex Len,https://www.basketball-reference.com/players/l/lenal01.html,69,20.2,3.1,5.5,0.566,0,0,0.333,3.1,5.4,0.568,0.567,2.3,3.3,0.684,2.5,5,7.5,1.2,0.4,0.9,1.1,2.3,8.5,5
Caris LeVert,https://www.basketball-reference.com/players/l/leverca01.html,71,26.3,4.5,10.4,0.435,1.2,3.5,0.347,3.3,6.9,0.48,0.493,1.9,2.6,0.711,0.7,2.9,3.7,4.2,1.2,0.3,2.2,2.2,12.1,3
DeAndre Liggins,https://www.basketball-reference.com/players/l/liggide01.html,58,12.5,0.7,1.8,0.377,0.3,0.9,0.358,0.4,0.9,0.396,0.467,0,0.1,0.4,0.1,1.2,1.3,0.8,0.6,0.2,0.3,1.4,1.7,2
Damian Lillard,https://www.basketball-reference.com/players/l/lillada01.html,73,36.6,8.5,19.4,0.439,3.1,8.6,0.361,5.4,10.8,0.501,0.519,6.8,7.4,0.916,0.8,3.6,4.5,6.6,1.1,0.4,2.8,1.6,26.9,1
Shaun Livingston,https://www.basketball-reference.com/players/l/livinsh01.html,71,15.9,2.4,4.8,0.501,0,0.1,0,2.4,4.8,0.509,0.501,0.7,0.9,0.82,0.5,1.4,1.8,2,0.5,0.3,0.8,1.6,5.5,1
Kevon Looney,https://www.basketball-reference.com/players/l/looneke01.html,66,13.8,1.7,2.9,0.58,0,0.1,0.2,1.7,2.8,0.59,0.583,0.6,1.2,0.545,1.3,2,3.3,0.6,0.5,0.8,0.5,1.6,4,5
Brook Lopez,https://www.basketball-reference.com/players/l/lopezbr01.html,74,23.4,5,10.7,0.465,1.5,4.4,0.345,3.5,6.3,0.549,0.536,1.5,2.1,0.703,1,3,4,1.7,0.4,1.3,1.3,2.7,13,5
Robin Lopez,https://www.basketball-reference.com/players/l/lopezro01.html,64,26.4,5.3,10.1,0.53,0.1,0.2,0.286,5.3,9.9,0.536,0.533,1.1,1.4,0.756,2.1,2.4,4.5,1.9,0.2,0.8,1.7,1.7,11.8,5
Kevin Love,https://www.basketball-reference.com/players/l/loveke01.html,59,28,5.7,12.4,0.458,2.3,5.6,0.415,3.3,6.8,0.494,0.552,4,4.5,0.88,1.7,7.5,9.3,1.7,0.7,0.4,1.5,2,17.6,5
Kyle Lowry,https://www.basketball-reference.com/players/l/lowryky01.html,78,32.2,5.2,12.1,0.427,3.1,7.6,0.399,2.1,4.5,0.474,0.553,2.9,3.3,0.854,0.8,4.7,5.6,6.9,1.1,0.2,2.3,2.5,16.2,1
Timothe Luwawu-Cabarrot,https://www.basketball-reference.com/players/l/luwawti01.html,52,15.5,1.9,5.1,0.375,1,3,0.335,0.9,2.1,0.431,0.474,0.9,1.1,0.793,0.3,1.1,1.4,1,0.2,0.1,0.7,1.9,5.8,3
Trey Lyles,https://www.basketball-reference.com/players/l/lylestr01.html,73,19.1,3.7,7.5,0.491,1.1,3,0.381,2.6,4.5,0.563,0.566,1.4,2,0.697,0.8,4,4.8,1.2,0.4,0.5,0.8,1.5,9.9,4
Shelvin Mack,https://www.basketball-reference.com/players/m/macksh01.html,69,19.8,2.6,6,0.43,0.7,2,0.345,1.9,4,0.473,0.488,1,1.4,0.711,0.3,2.1,2.4,3.9,0.8,0.1,1.3,1.3,6.9,1
Ian Mahinmi,https://www.basketball-reference.com/players/m/mahinia01.html,77,14.9,1.8,3.2,0.556,0,0,0,1.8,3.2,0.561,0.556,1.2,1.7,0.703,1.8,2.3,4.1,0.7,0.5,0.5,1.3,3,4.8,5
Thon Maker,https://www.basketball-reference.com/players/m/makerth01.html,74,16.7,1.8,4.3,0.411,0.4,1.4,0.298,1.3,2.9,0.467,0.46,0.9,1.3,0.699,1,2,3,0.6,0.5,0.7,0.6,2.2,4.8,5
Lauri Markkanen,https://www.basketball-reference.com/players/m/markkla01.html,68,29.7,5.5,12.7,0.434,2.1,5.9,0.362,3.4,6.8,0.497,0.518,2.1,2.4,0.843,1.2,6.3,7.5,1.2,0.6,0.6,1.2,1.5,15.2,4
Jarell Martin,https://www.basketball-reference.com/players/m/martija01.html,73,22.8,3,6.8,0.446,0.5,1.3,0.347,2.6,5.5,0.47,0.48,1.2,1.6,0.767,1.3,3,4.4,1,0.5,0.7,1.2,2.9,7.7,4
Frank Mason,https://www.basketball-reference.com/players/m/masonfr01.html,52,18.9,2.8,7.3,0.379,0.6,1.7,0.36,2.2,5.7,0.384,0.42,1.8,2.2,0.817,0.6,1.9,2.5,2.8,0.7,0.2,1.3,1.4,7.9,1
Wesley Matthews,https://www.basketball-reference.com/players/m/matthwe02.html,63,33.8,4.5,11.1,0.406,2.4,6.4,0.381,2.1,4.7,0.441,0.516,1.3,1.6,0.822,0.4,2.7,3.1,2.7,1.2,0.3,1.3,2.2,12.7,3
Luc Mbah a Moute,https://www.basketball-reference.com/players/m/mbahalu01.html,61,25.6,2.7,5.7,0.481,1,2.8,0.364,1.7,2.8,0.599,0.572,1.1,1.6,0.684,0.4,2.7,3,0.9,1.2,0.4,1.1,1.6,7.5,4
Patrick McCaw,https://www.basketball-reference.com/players/m/mccawpa01.html,57,16.9,1.6,3.9,0.409,0.3,1.4,0.238,1.3,2.5,0.503,0.451,0.5,0.6,0.765,0.3,1.2,1.4,1.4,0.8,0.2,0.7,1.2,4,2
CJ McCollum,https://www.basketball-reference.com/players/m/mccolcj01.html,81,36.1,8.2,18.6,0.443,2.3,5.9,0.397,5.9,12.7,0.465,0.506,2.6,3.1,0.836,0.7,3.3,4,3.4,1,0.4,1.9,2.1,21.4,2
T.J. McConnell,https://www.basketball-reference.com/players/m/mccontj01.html,76,22.4,2.8,5.5,0.499,0.4,0.8,0.435,2.4,4.7,0.51,0.531,0.4,0.5,0.795,0.5,2.5,3,4,1.2,0.2,1.5,1.6,6.3,1
Doug McDermott,https://www.basketball-reference.com/players/m/mcderdo01.html,81,21.8,2.9,6.3,0.467,1.1,2.7,0.426,1.8,3.6,0.497,0.557,0.8,1,0.79,0.5,2,2.5,1,0.2,0.2,0.7,1.5,7.8,3
JaVale McGee,https://www.basketball-reference.com/players/m/mcgeeja01.html,65,9.5,2.1,3.4,0.621,0,0.1,0,2.1,3.3,0.638,0.621,0.6,0.8,0.731,0.9,1.7,2.6,0.5,0.3,0.9,0.4,1.4,4.8,5
Ben McLemore,https://www.basketball-reference.com/players/m/mclembe01.html,56,19.5,2.8,6.7,0.421,1,2.8,0.346,1.8,3.8,0.477,0.495,0.9,1.1,0.828,0.6,1.9,2.5,0.9,0.7,0.3,1.1,2.5,7.5,2
Jodie Meeks,https://www.basketball-reference.com/players/m/meeksjo01.html,77,14.5,2,5.1,0.399,0.9,2.7,0.343,1.1,2.4,0.464,0.491,1.3,1.5,0.863,0.2,1.4,1.6,0.9,0.4,0.1,0.5,0.7,6.3,2
Salah Mejri,https://www.basketball-reference.com/players/m/mejrisa01.html,61,12,1.4,2.2,0.642,0,0,0,1.4,2.2,0.657,0.642,0.6,1.1,0.576,1.4,2.6,4,0.6,0.4,1.1,0.6,2,3.5,5
Khris Middleton,https://www.basketball-reference.com/players/m/middlkh01.html,82,36.4,7.2,15.5,0.466,1.8,5,0.359,5.5,10.5,0.517,0.524,3.9,4.4,0.884,0.5,4.7,5.2,4,1.5,0.3,2.3,3.3,20.1,3
C.J. Miles,https://www.basketball-reference.com/players/m/milescj01.html,70,19.1,3.2,8.6,0.379,2.3,6.5,0.361,0.9,2.1,0.434,0.516,1.2,1.4,0.835,0.3,1.9,2.2,0.8,0.5,0.3,0.6,1.9,10,3
Darius Miller,https://www.basketball-reference.com/players/m/milleda01.html,82,23.7,2.6,5.9,0.444,1.8,4.4,0.411,0.8,1.6,0.535,0.594,0.7,0.8,0.866,0.2,1.8,2,1.4,0.3,0.2,0.7,2,7.8,3
Patty Mills,https://www.basketball-reference.com/players/m/millspa02.html,82,25.7,3.4,8.3,0.411,1.9,5,0.372,1.5,3.3,0.47,0.523,1.3,1.4,0.89,0.3,1.6,1.9,2.8,0.7,0.1,1.3,1.6,10,1
Nikola Mirotic,https://www.basketball-reference.com/players/m/mirotni01.html,55,27.2,5.6,12.4,0.447,2.5,6.5,0.377,3.1,5.9,0.525,0.546,2,2.5,0.818,1.1,6.3,7.4,1.5,0.8,0.7,1.1,2,15.6,4
Donovan Mitchell,https://www.basketball-reference.com/players/m/mitchdo01.html,79,33.4,7.5,17.2,0.437,2.4,7,0.34,5.2,10.3,0.502,0.506,3,3.8,0.805,0.7,3.1,3.7,3.7,1.5,0.3,2.7,2.7,20.5,2
Malik Monk,https://www.basketball-reference.com/players/m/monkma01.html,63,13.6,2.4,6.7,0.36,1.3,3.9,0.342,1.1,2.9,0.385,0.458,0.5,0.6,0.842,0.1,0.9,1,1.4,0.3,0.1,0.8,0.9,6.7,2
E'Twaun Moore,https://www.basketball-reference.com/players/m/mooreet01.html,82,31.5,5.2,10.1,0.508,1.6,3.7,0.425,3.6,6.5,0.556,0.585,0.6,0.8,0.706,0.7,2.2,2.9,2.3,1,0.1,1.2,2.2,12.5,2
Marcus Morris,https://www.basketball-reference.com/players/m/morrima03.html,54,26.8,4.9,11.3,0.429,1.6,4.3,0.368,3.3,7,0.467,0.499,2.3,2.9,0.805,0.8,4.6,5.4,1.3,0.6,0.2,1.2,1.9,13.6,4
Markieff Morris,https://www.basketball-reference.com/players/m/morrima02.html,73,27,4.5,9.4,0.48,1,2.8,0.367,3.5,6.6,0.529,0.536,1.4,1.8,0.82,1,4.6,5.6,1.9,0.8,0.5,1.7,3,11.5,4
Emmanuel Mudiay,https://www.basketball-reference.com/players/m/mudiaem01.html,64,19.5,3.2,8.2,0.388,0.7,2.3,0.318,2.5,5.9,0.415,0.433,1.5,2,0.76,0.4,2,2.4,3.2,0.6,0.2,1.8,1.3,8.6,1
Dejounte Murray,https://www.basketball-reference.com/players/m/murrade01.html,81,21.5,3.3,7.5,0.443,0.1,0.4,0.265,3.2,7.1,0.454,0.451,1.3,1.8,0.709,1.4,4.3,5.7,2.9,1.2,0.4,1.7,1.9,8.1,1
Jamal Murray,https://www.basketball-reference.com/players/m/murraja01.html,81,31.7,5.9,13.1,0.451,2,5.4,0.378,3.9,7.7,0.502,0.529,2.8,3.1,0.905,1,2.7,3.7,3.4,1,0.3,2.1,2.1,16.7,1
Mike Muscala,https://www.basketball-reference.com/players/m/muscami01.html,53,20,2.7,5.9,0.458,1.2,3.2,0.371,1.5,2.7,0.559,0.558,1.1,1.2,0.919,1.1,3.3,4.3,1,0.6,0.5,0.8,1.5,7.6,5
Shabazz Napier,https://www.basketball-reference.com/players/n/nancela02.html,66,21.5,3.6,6.3,0.581,0,0.2,0.167,3.6,6.1,0.594,0.584,1.4,2.1,0.664,2.4,4.4,6.8,1.2,1.3,0.6,0.8,2.6,8.7,5
Jameer Nelson,https://www.basketball-reference.com/players/n/napiesh01.html,74,20.7,3,7.2,0.42,1.1,2.9,0.376,1.9,4.2,0.45,0.497,1.6,1.9,0.841,0.4,1.9,2.3,2,1.1,0.2,1.2,1.1,8.7,1
Frank Ntilikina,https://www.basketball-reference.com/players/n/nowitdi01.html,77,24.7,4.5,9.8,0.456,1.8,4.4,0.409,2.7,5.5,0.494,0.547,1.3,1.4,0.898,0.3,5.4,5.7,1.6,0.6,0.6,0.7,1.9,12,5
Jusuf Nurkic,https://www.basketball-reference.com/players/n/ntilila01.html,78,21.9,2.3,6.4,0.364,0.6,2,0.318,1.7,4.4,0.385,0.414,0.6,0.9,0.721,0.5,1.8,2.3,3.2,0.8,0.2,1.7,2.3,5.9,1
David Nwaba,https://www.basketball-reference.com/players/n/nurkiju01.html,79,26.4,6.1,12,0.505,0,0.1,0,6.1,11.9,0.508,0.505,2.2,3.5,0.63,2.4,6.6,9,1.8,0.8,1.4,2.3,3.1,14.3,5
Royce O'Neale,https://www.basketball-reference.com/players/o/onealro01.html,69,16.7,1.7,4.1,0.423,0.6,1.7,0.356,1.1,2.4,0.47,0.496,0.9,1.1,0.803,0.4,3.1,3.4,1.4,0.5,0.2,0.8,1.5,5,3
Kyle O'Quinn,https://www.basketball-reference.com/players/o/oquinky01.html,77,18,2.9,5,0.582,0.1,0.2,0.235,2.9,4.8,0.598,0.587,1.3,1.6,0.772,1.6,4.5,6.1,2.1,0.5,1.3,1.3,2.5,7.1,5
Semi Ojeleye,https://www.basketball-reference.com/players/o/ojelese01.html,73,15.8,0.9,2.6,0.346,0.5,1.7,0.32,0.3,0.9,0.397,0.452,0.3,0.6,0.61,0.5,1.7,2.2,0.3,0.3,0.1,0.3,1.2,2.7,4
Victor Oladipo,https://www.basketball-reference.com/players/o/oladivi01.html,75,34,8.5,17.9,0.477,2.1,5.8,0.371,6.4,12.1,0.528,0.537,3.9,4.9,0.799,0.6,4.6,5.2,4.3,2.4,0.8,2.9,2.3,23.1,2
Kelly Olynyk,https://www.basketball-reference.com/players/o/olynyke01.html,76,23.4,4.2,8.4,0.497,1.4,3.7,0.379,2.8,4.7,0.59,0.58,1.8,2.3,0.77,1.2,4.5,5.7,2.7,0.8,0.5,1.9,2.9,11.5,4
Cedi Osman,https://www.basketball-reference.com/players/o/osmande01.html,61,11,1.5,3,0.484,0.5,1.4,0.368,1,1.6,0.586,0.57,0.4,0.8,0.565,0.3,1.7,2,0.7,0.4,0,0.5,1.3,3.9,3
Kelly Oubre,https://www.basketball-reference.com/players/o/oubreke01.html,81,27.5,3.9,9.8,0.403,1.6,4.6,0.341,2.4,5.2,0.456,0.482,2.4,2.9,0.82,0.7,3.8,4.5,1.2,1,0.4,1.1,2.9,11.8,3
Zaza Pachulia,https://www.basketball-reference.com/players/p/pachuza01.html,69,14.1,2.2,3.8,0.564,0,0,0,2.2,3.8,0.567,0.564,1.1,1.3,0.806,1.3,3.4,4.7,1.6,0.6,0.2,1,1.8,5.4,5
Tony Parker,https://www.basketball-reference.com/players/p/parketo01.html,55,19.5,3.2,7.1,0.459,0.2,0.7,0.27,3.1,6.4,0.479,0.472,1,1.4,0.705,0.1,1.6,1.7,3.5,0.5,0,1.2,0.9,7.7,1
Patrick Patterson,https://www.basketball-reference.com/players/p/pattepa01.html,82,15.5,1.3,3.2,0.398,0.8,2.1,0.386,0.5,1.2,0.421,0.523,0.5,0.6,0.87,0.4,2,2.4,0.7,0.6,0.3,0.4,1.1,3.9,4
Brandon Paul,https://www.basketball-reference.com/players/p/paulbr01.html,64,9,0.9,2,0.433,0.2,0.8,0.278,0.6,1.1,0.548,0.492,0.3,0.7,0.512,0.1,1,1.1,0.6,0.4,0.1,0.5,0.9,2.3,2
Chris Paul,https://www.basketball-reference.com/players/p/paulch01.html,58,31.8,6.3,13.8,0.46,2.5,6.5,0.38,3.8,7.2,0.532,0.55,3.5,3.8,0.919,0.6,4.8,5.4,7.9,1.7,0.2,2.2,2.4,18.6,1
Elfrid Payton,https://www.basketball-reference.com/players/p/paytoel01.html,63,28.7,5.2,10.6,0.493,0.5,1.5,0.326,4.7,9.1,0.52,0.516,1.7,2.7,0.649,1,3.3,4.3,6.2,1.3,0.3,2.7,2.3,12.7,1
Miles Plumlee,https://www.basketball-reference.com/players/p/plumlma01.html,74,19.4,3,5,0.601,0,0,0,3,5,0.602,0.601,1.1,2.4,0.456,1.8,3.6,5.4,1.9,0.7,1.1,1.4,2.5,7.1,5
Quincy Pondexter,https://www.basketball-reference.com/players/p/poeltja01.html,82,18.6,3.1,4.7,0.659,0,0,0.5,3.1,4.7,0.66,0.66,0.7,1.2,0.594,2,2.8,4.8,0.7,0.5,1.2,1,2.6,6.9,5
Bobby Portis,https://www.basketball-reference.com/players/p/porteot01.html,77,31.6,5.8,11.5,0.503,1.8,4.1,0.441,4,7.4,0.537,0.581,1.4,1.7,0.828,1.3,5.1,6.4,2,1.5,0.5,1,2,14.7,3
Kristaps Porzingis,https://www.basketball-reference.com/players/p/portibo01.html,73,22.5,5.2,11.1,0.471,1.1,3.1,0.359,4.1,8.1,0.514,0.52,1.6,2.1,0.769,2.2,4.6,6.8,1.7,0.7,0.3,1.4,1.8,13.2,4
Norman Powell,https://www.basketball-reference.com/players/p/poweldw01.html,79,21.2,3.2,5.4,0.593,0.4,1.1,0.333,2.9,4.4,0.656,0.626,1.7,2.3,0.719,1.7,3.9,5.6,1.2,0.8,0.4,0.7,2.4,8.5,5
Alex Poythress,https://www.basketball-reference.com/players/p/powelno01.html,70,15.2,2.1,5.3,0.401,0.8,2.7,0.285,1.4,2.7,0.516,0.472,0.5,0.6,0.821,0.2,1.5,1.7,1.3,0.5,0.2,0.9,1.6,5.5,2
Julius Randle,https://www.basketball-reference.com/players/r/randlju01.html,82,26.7,6.1,11,0.558,0.1,0.5,0.222,6,10.5,0.575,0.563,3.7,5.2,0.718,2.2,5.8,8,2.6,0.5,0.5,2.6,3.3,16.1,5
Zach Randolph,https://www.basketball-reference.com/players/r/randoza01.html,59,25.6,6.1,12.9,0.473,0.9,2.5,0.347,5.3,10.4,0.503,0.507,1.4,1.8,0.785,1.6,5.1,6.7,2.2,0.7,0.2,2,2,14.5,4
J.J. Redick,https://www.basketball-reference.com/players/r/redicjj01.html,70,30.2,5.8,12.6,0.46,2.8,6.6,0.42,3,6,0.504,0.569,2.8,3.1,0.904,0.1,2.4,2.5,3,0.5,0.1,1.5,1.8,17.1,2
Josh Richardson,https://www.basketball-reference.com/players/r/richajo01.html,81,33.2,4.9,10.9,0.451,1.6,4.1,0.378,3.4,6.8,0.495,0.523,1.5,1.8,0.845,0.9,2.7,3.5,2.9,1.5,0.9,1.7,2.5,12.9,3
Austin Rivers,https://www.basketball-reference.com/players/r/riverau01.html,61,33.7,5.6,13.2,0.424,2.2,5.9,0.378,3.4,7.3,0.461,0.508,1.7,2.6,0.642,0.4,1.9,2.4,4,1.2,0.3,1.8,2.5,15.1,2
Derrick Rose,https://www.basketball-reference.com/players/r/rondora01.html,65,26.2,3.6,7.6,0.468,0.8,2.3,0.333,2.8,5.3,0.526,0.518,0.4,0.7,0.543,0.5,3.6,4,8.2,1.1,0.2,2.3,1.8,8.3,1
Ricky Rubio,https://www.basketball-reference.com/players/r/roziete01.html,80,25.9,4,10,0.395,1.9,5,0.381,2,5,0.41,0.491,1.4,1.9,0.772,0.8,3.9,4.7,2.9,1,0.2,1,1.5,11.3,1
D'Angelo Russell,https://www.basketball-reference.com/players/r/rubiori01.html,77,29.3,4.5,10.7,0.418,1.2,3.5,0.352,3.2,7.2,0.451,0.476,2.9,3.3,0.866,0.6,4,4.6,5.3,1.6,0.1,2.7,2.7,13.1,1
Domantas Sabonis,https://www.basketball-reference.com/players/s/sabondo01.html,74,24.5,4.6,8.9,0.514,0.2,0.5,0.351,4.4,8.4,0.524,0.524,2.3,3,0.75,2.2,5.5,7.7,2,0.5,0.4,1.9,3,11.6,5
Dario Saric,https://www.basketball-reference.com/players/s/saricda01.html,78,29.6,5.2,11.4,0.453,2,5.1,0.393,3.2,6.3,0.501,0.541,2.3,2.7,0.86,2,4.7,6.7,2.6,0.7,0.3,1.9,2.1,14.6,4
Tomas Satoransky,https://www.basketball-reference.com/players/s/satorto01.html,73,22.5,2.8,5.3,0.523,0.6,1.4,0.465,2.1,3.9,0.544,0.585,1,1.3,0.781,1,2.2,3.2,3.9,0.7,0.2,1.1,1.8,7.2,2
Dennis Schroder,https://www.basketball-reference.com/players/s/schrode01.html,67,31,7.5,17.1,0.436,1.1,3.9,0.29,6.3,13.2,0.48,0.469,3.4,4,0.849,0.7,2.4,3.1,6.2,1.1,0.1,2.7,2.2,19.4,1
Mike Scott,https://www.basketball-reference.com/players/s/scottmi01.html,76,18.5,3.6,6.9,0.527,0.9,2.1,0.405,2.8,4.8,0.582,0.59,0.7,1,0.658,0.7,2.6,3.3,1.1,0.3,0.1,1,1.9,8.8,4
Pascal Siakam,https://www.basketball-reference.com/players/s/siakapa01.html,81,20.7,3.1,6.1,0.508,0.4,1.6,0.22,2.8,4.5,0.612,0.537,0.7,1.1,0.621,1,3.5,4.5,2,0.8,0.5,0.8,2,7.3,4
Ben Simmons,https://www.basketball-reference.com/players/s/simmobe01.html,81,33.7,6.7,12.3,0.545,0,0.1,0,6.7,12.2,0.551,0.545,2.4,4.2,0.56,1.8,6.3,8.1,8.2,1.7,0.9,3.4,2.6,15.8,1
Jonathon Simmons,https://www.basketball-reference.com/players/s/simmojo02.html,69,29.4,5.1,11,0.465,1,3,0.338,4.1,8.1,0.512,0.511,2.7,3.5,0.768,0.9,2.6,3.5,2.5,0.8,0.2,2.1,2.5,13.9,2
Marcus Smart,https://www.basketball-reference.com/players/s/smartma01.html,54,29.9,3.5,9.5,0.367,1.4,4.6,0.301,2.1,4.9,0.429,0.44,1.8,2.5,0.729,0.8,2.7,3.5,4.8,1.3,0.4,2.4,2.5,10.2,2
Dennis Smith,https://www.basketball-reference.com/players/s/smithde03.html,69,29.7,5.9,14.8,0.395,1.5,4.9,0.313,4.3,9.9,0.436,0.447,1.9,2.8,0.694,0.7,3,3.8,5.2,1,0.3,2.8,2.2,15.2,1
Ish Smith,https://www.basketball-reference.com/players/s/smithis01.html,82,24.9,4.7,9.8,0.486,0.4,1.2,0.347,4.3,8.5,0.506,0.507,1,1.4,0.698,0.3,2.4,2.7,4.4,0.8,0.2,1.3,1.7,10.9,1
J.R. Smith,https://www.basketball-reference.com/players/s/smithjr01.html,80,28.1,3,7.4,0.403,1.8,4.8,0.375,1.2,2.7,0.453,0.524,0.5,0.7,0.696,0.4,2.6,2.9,1.8,0.9,0.1,1,2,8.3,2
Tony Snell,https://www.basketball-reference.com/players/s/snellto01.html,75,27.4,2.5,5.7,0.435,1.4,3.6,0.403,1,2.1,0.49,0.562,0.5,0.6,0.792,0.1,1.8,1.9,1.3,0.6,0.4,0.5,1.5,6.9,2
Marreese Speights,https://www.basketball-reference.com/players/s/speigma01.html,52,13,2.7,6.7,0.395,1.7,4.5,0.369,1,2.2,0.448,0.519,0.8,1.1,0.727,0.4,2.2,2.6,0.8,0.2,0.4,0.8,2.1,7.7,5
Lance Stephenson,https://www.basketball-reference.com/players/s/stephla01.html,82,22.6,3.7,8.6,0.427,0.8,2.8,0.289,2.9,5.8,0.495,0.475,1,1.5,0.661,0.8,4.4,5.2,2.9,0.6,0.2,1.6,2.2,9.2,2
Jayson Tatum,https://www.basketball-reference.com/players/t/tatumja01.html,80,30.5,5,10.4,0.475,1.3,3,0.434,3.7,7.4,0.492,0.538,2.7,3.2,0.826,0.6,4.4,5,1.6,1,0.7,1.4,2.1,13.9,3
Isaiah Taylor,https://www.basketball-reference.com/players/t/taylois01.html,67,17.4,2.4,5.8,0.418,0.3,1.2,0.25,2.1,4.6,0.461,0.444,1.5,2.1,0.702,0.3,1.1,1.4,3.1,0.5,0.1,1.3,1.7,6.6,1
Jeff Teague,https://www.basketball-reference.com/players/t/teaguje01.html,70,33,5.1,11.3,0.446,1.2,3.3,0.368,3.9,8.1,0.477,0.499,2.9,3.4,0.845,0.3,2.6,3,7,1.5,0.3,2.5,2.4,14.2,1
Garrett Temple,https://www.basketball-reference.com/players/t/templga01.html,65,24.8,3.1,7.3,0.418,1.4,3.5,0.392,1.7,3.8,0.442,0.512,0.9,1.2,0.769,0.3,2,2.3,1.9,0.9,0.4,1.2,2.1,8.4,2
Jason Terry,https://www.basketball-reference.com/players/t/terryja01.html,51,16,1.2,3,0.383,0.8,2.3,0.348,0.4,0.8,0.487,0.513,0.2,0.2,0.889,0.1,0.8,0.9,1.2,0.8,0.3,0.5,1,3.3,2
Daniel Theis,https://www.basketball-reference.com/players/t/theisda01.html,63,14.9,2,3.7,0.541,0.3,0.9,0.31,1.7,2.8,0.617,0.579,1,1.3,0.753,1.4,2.9,4.3,0.9,0.5,0.8,0.9,2.5,5.3,5
Lance Thomas,https://www.basketball-reference.com/players/t/thomala01.html,73,18.5,1.4,3.7,0.382,0.7,1.7,0.403,0.7,2,0.364,0.476,0.6,0.7,0.83,0.6,1.8,2.4,0.6,0.4,0.2,0.5,1.8,4.1,4
Klay Thompson,https://www.basketball-reference.com/players/t/thompkl01.html,73,34.3,7.9,16.1,0.488,3.1,7.1,0.44,4.7,9,0.526,0.585,1.1,1.3,0.837,0.4,3.4,3.8,2.5,0.8,0.5,1.8,1.6,20,2
Sindarius Thornwell,https://www.basketball-reference.com/players/t/thornsi01.html,73,15.8,1.4,3.2,0.429,0.3,0.8,0.377,1.1,2.4,0.448,0.479,0.8,1.2,0.67,0.5,1.5,1.9,0.9,0.7,0.3,0.7,1.7,3.9,2
Anthony Tolliver,https://www.basketball-reference.com/players/t/tollian01.html,79,22.2,2.8,6,0.464,2,4.6,0.436,0.8,1.4,0.561,0.632,1.3,1.7,0.797,0.6,2.4,3.1,1.1,0.4,0.3,0.7,1.8,8.9,4
Karl-Anthony Towns,https://www.basketball-reference.com/players/t/townska01.html,82,35.6,7.8,14.3,0.545,1.5,3.5,0.421,6.3,10.8,0.585,0.596,4.2,4.9,0.858,2.9,9.4,12.3,2.4,0.8,1.4,1.9,3.5,21.3,5
P.J. Tucker,https://www.basketball-reference.com/players/t/tuckepj01.html,82,27.8,2.1,5.4,0.39,1.4,3.8,0.371,0.7,1.6,0.435,0.52,0.5,0.7,0.717,1.1,4.4,5.6,0.9,1,0.3,0.9,2.5,6.1,4
Evan Turner,https://www.basketball-reference.com/players/t/turneev01.html,79,25.7,3.3,7.3,0.447,0.5,1.7,0.318,2.7,5.6,0.485,0.484,1.2,1.4,0.85,0.4,2.7,3.1,2.2,0.6,0.4,1.3,2.1,8.2,3
Myles Turner,https://www.basketball-reference.com/players/t/turnemy01.html,65,28.2,4.7,9.8,0.479,0.9,2.4,0.357,3.8,7.4,0.519,0.523,2.5,3.2,0.777,1.4,5,6.4,1.3,0.6,1.8,1.5,2.9,12.7,5
Ekpe Udoh,https://www.basketball-reference.com/players/u/udohek01.html,63,12.9,1,1.9,0.5,0,0,0,1,1.9,0.504,0.5,0.7,0.9,0.75,1.1,1.3,2.4,0.8,0.7,1.2,0.3,1.7,2.6,5
Tyler Ulis,https://www.basketball-reference.com/players/u/ulisty01.html,71,23.4,3,7.8,0.388,0.6,2.1,0.288,2.4,5.7,0.425,0.426,1.2,1.4,0.832,0.3,1.5,1.8,4.4,1,0.1,1.8,1.7,7.8,1
Jonas Valanciunas,https://www.basketball-reference.com/players/v/valanjo01.html,77,22.4,5.1,8.9,0.568,0.4,1,0.405,4.7,8,0.587,0.59,2.2,2.7,0.806,2.4,6.2,8.6,1.1,0.4,0.9,1.5,2.5,12.7,5
Denzel Valentine,https://www.basketball-reference.com/players/v/valende01.html,77,27.2,3.9,9.4,0.417,1.9,4.8,0.386,2.1,4.6,0.45,0.517,0.5,0.7,0.745,0.6,4.5,5.1,3.2,0.8,0.1,1.3,2.4,10.2,2
Fred VanVleet,https://www.basketball-reference.com/players/v/vanvlfr01.html,76,20,3.1,7.2,0.426,1.4,3.4,0.414,1.6,3.7,0.437,0.525,1.1,1.3,0.832,0.3,2.1,2.4,3.2,0.9,0.3,1,1.7,8.6,1
Noah Vonleh,https://www.basketball-reference.com/players/v/vonleno01.html,54,16.2,1.9,4.3,0.444,0.4,1.2,0.303,1.6,3.1,0.5,0.487,0.7,1.1,0.621,1.3,4.5,5.8,0.6,0.4,0.3,0.6,1.3,4.9,4
Nikola Vucevic,https://www.basketball-reference.com/players/v/vucevni01.html,57,29.5,7,14.7,0.475,1.1,3.6,0.314,5.9,11.2,0.527,0.513,1.4,1.6,0.819,1.8,7.4,9.2,3.4,1,1.1,1.9,2.5,16.5,5
Dwyane Wade,https://www.basketball-reference.com/players/w/wadedw01.html,67,22.9,4.5,10.2,0.438,0.5,1.7,0.288,4,8.5,0.468,0.462,2,2.8,0.714,0.7,3,3.8,3.4,0.9,0.7,2.1,1.9,11.4,2
Kemba Walker,https://www.basketball-reference.com/players/w/walkeke02.html,80,34.2,7.4,17,0.431,2.9,7.5,0.384,4.5,9.5,0.469,0.516,4.5,5.3,0.864,0.4,2.7,3.1,5.6,1.1,0.3,2.2,1.2,22.1,1
Taurean Waller-Prince,https://www.basketball-reference.com/players/p/princta02.html,82,30,5.1,11.9,0.426,2.1,5.6,0.385,2.9,6.3,0.461,0.516,1.9,2.2,0.844,0.6,4.1,4.7,2.6,1,0.5,2.3,2,14.1,3
T.J. Warren,https://www.basketball-reference.com/players/w/warretj01.html,65,33,8.1,16.4,0.498,0.3,1.4,0.222,7.8,15,0.523,0.507,3,3.9,0.757,1.9,3.2,5.1,1.3,1,0.6,1.3,2.3,19.6,3
David West,https://www.basketball-reference.com/players/w/westda01.html,73,13.7,3,5.2,0.571,0,0.1,0.375,2.9,5.1,0.576,0.575,0.8,1.1,0.759,0.9,2.4,3.3,1.9,0.6,1,1.1,1.6,6.8,5
Russell Westbrook,https://www.basketball-reference.com/players/w/westbru01.html,80,36.4,9.5,21.1,0.449,1.2,4.1,0.298,8.3,17,0.485,0.477,5.2,7.1,0.737,1.9,8.2,10.1,10.3,1.8,0.3,4.8,2.5,25.4,1
Hassan Whiteside,https://www.basketball-reference.com/players/w/whiteha01.html,54,25.3,5.8,10.7,0.54,0,0,1,5.7,10.7,0.538,0.542,2.4,3.4,0.703,3.2,8.2,11.4,1,0.7,1.7,1.7,2.4,14,5
Andrew Wiggins,https://www.basketball-reference.com/players/w/wiggian01.html,82,36.3,6.9,15.9,0.438,1.4,4.1,0.331,5.6,11.7,0.475,0.481,2.5,3.8,0.643,1,3.4,4.4,2,1.1,0.6,1.7,2,17.7,3
Lou Williams,https://www.basketball-reference.com/players/w/willilo02.html,79,32.8,7.4,16.9,0.435,2.4,6.6,0.359,5,10.4,0.484,0.505,5.5,6.2,0.88,0.5,2,2.5,5.3,1.1,0.2,3,1.3,22.6,2
Marvin Williams,https://www.basketball-reference.com/players/w/willima02.html,78,25.7,3.3,7.2,0.458,1.6,3.9,0.413,1.7,3.3,0.512,0.57,1.3,1.6,0.829,0.9,3.8,4.7,1.2,0.7,0.5,0.8,1.5,9.5,4
Justise Winslow,https://www.basketball-reference.com/players/w/winslju01.html,68,24.7,3,7.2,0.424,0.7,1.9,0.38,2.3,5.3,0.44,0.474,1,1.5,0.635,0.9,4.5,5.4,2.2,0.8,0.5,1.1,2.1,7.8,4
Delon Wright,https://www.basketball-reference.com/players/w/wrighde01.html,69,20.8,2.9,6.3,0.465,0.8,2.2,0.366,2.1,4,0.52,0.53,1.4,1.7,0.829,0.7,2.2,2.9,2.9,1,0.5,1.1,1.2,8,1
Joe Young,https://www.basketball-reference.com/players/y/youngjo01.html,53,10.5,1.5,3.5,0.43,0.5,1.2,0.379,1,2.3,0.458,0.497,0.4,0.5,0.759,0.2,1,1.2,0.7,0.3,0,0.5,0.7,3.9,1
Nick Young,https://www.basketball-reference.com/players/y/youngni01.html,80,17.4,2.5,6.1,0.412,1.5,4.1,0.377,1,2,0.481,0.538,0.7,0.8,0.862,0.3,1.3,1.6,0.5,0.5,0.1,0.5,1.3,7.3,2
Thaddeus Young,https://www.basketball-reference.com/players/y/youngth01.html,81,32.2,5.2,10.7,0.487,0.7,2.2,0.32,4.5,8.4,0.531,0.521,0.7,1.1,0.598,2.3,4,6.3,1.9,1.7,0.4,1.3,2.2,11.8,4
Tyler Zeller,https://www.basketball-reference.com/players/z/zellety01.html,66,16.8,2.8,5.1,0.56,0.2,0.4,0.357,2.7,4.6,0.578,0.575,0.9,1.2,0.722,1.7,3,4.6,0.7,0.2,0.5,0.7,1.9,6.7,5
Paul Zipser,https://www.basketball-reference.com/players/z/zipsepa01.html,54,15.3,1.5,4.3,0.346,0.7,2,0.336,0.8,2.3,0.355,0.425,0.4,0.5,0.731,0.2,2.2,2.4,0.9,0.4,0.3,0.8,1.6,4,3
